{
    "utterances": [
        {
            "text": "\u0622\u067e \u06a9\u06cc \u0641\u0639\u0627\u0644\u06cc\u062a \u06a9\u06cc\u0627 \u06c1\u06d2",
            "entities": [],
            "traits": [],
            "intent": "intro"
        },
        {
            "text": "\u0622\u067e \u06a9\u06cc\u0627 \u06a9\u0631\u062a\u06d2 \u06c1\u06cc\u06ba",
            "entities": [],
            "traits": [],
            "intent": "intro"
        },
        {
            "text": "\u0628\u0631\u0627\u0626\u06d2 \u0645\u06c1\u0631\u0628\u0627\u0646\u06cc \u0627\u067e\u0646\u0627 \u062a\u0639\u0627\u0631\u0641 \u06a9\u0631\u0627\u0626\u06cc\u06ba",
            "entities": [],
            "traits": [],
            "intent": "intro"
        },
        {
            "text": "\u0628\u0631\u0627\u06c1 \u06a9\u0631\u0645 11 \u0648\u06cc\u06ba \u062c\u0645\u0627\u0639\u062a \u06a9\u06d2 \u0627\u0633\u0644\u0627\u0645\u06cc\u0627\u062a \u06a9\u0627 \u067e\u06c1\u0644\u0627 \u0628\u0627\u0628 \u06a9\u06be\u0648\u0644\u06cc\u06ba",
            "entities": [
                {
                    "entity": "sub:sub",
                    "start": 25,
                    "end": 33,
                    "body": "\u0627\u0633\u0644\u0627\u0645\u06cc\u0627\u062a",
                    "entities": []
                },
                {
                    "entity": "chap:chap",
                    "start": 37,
                    "end": 41,
                    "body": "\u067e\u06c1\u0644\u0627",
                    "entities": []
                },
                {
                    "entity": "class:class",
                    "start": 9,
                    "end": 11,
                    "body": "11",
                    "entities": []
                }
            ],
            "traits": [],
            "intent": "lesson"
        },
        {
            "text": "\u0628\u0631\u0627\u06c1 \u06a9\u0631\u0645 \u0622\u0679\u06be\u0648\u06cc\u06ba \u062c\u0645\u0627\u0639\u062a \u06a9\u06d2 \u0627\u0633\u0644\u0627\u0645\u06cc\u0627\u062a \u06a9\u0627 \u067e\u06c1\u0644\u0627 \u0628\u0627\u0628 \u06a9\u06be\u0648\u0644\u06cc\u06ba",
            "entities": [
                {
                    "entity": "class:class",
                    "start": 9,
                    "end": 15,
                    "body": "\u0622\u0679\u06be\u0648\u06cc\u06ba",
                    "entities": []
                },
                {
                    "entity": "sub:sub",
                    "start": 25,
                    "end": 33,
                    "body": "\u0627\u0633\u0644\u0627\u0645\u06cc\u0627\u062a",
                    "entities": []
                },
                {
                    "entity": "chap:chap",
                    "start": 37,
                    "end": 41,
                    "body": "\u067e\u06c1\u0644\u0627",
                    "entities": []
                }
            ],
            "traits": [],
            "intent": "lesson"
        },
        {
            "text": "\u0628\u0631\u0627\u06c1 \u06a9\u0631\u0645 \u062a\u06cc\u0633\u0631\u06cc \u062c\u0645\u0627\u0639\u062a \u06a9\u06d2 \u0627\u0633\u0644\u0627\u0645\u06cc\u0627\u062a \u06a9\u0627 \u067e\u06c1\u0644\u0627 \u0628\u0627\u0628 \u06a9\u06be\u0648\u0644\u06cc\u06ba",
            "entities": [
                {
                    "entity": "class:class",
                    "start": 9,
                    "end": 14,
                    "body": "\u062a\u06cc\u0633\u0631\u06cc",
                    "entities": []
                },
                {
                    "entity": "sub:sub",
                    "start": 24,
                    "end": 32,
                    "body": "\u0627\u0633\u0644\u0627\u0645\u06cc\u0627\u062a",
                    "entities": []
                },
                {
                    "entity": "chap:chap",
                    "start": 36,
                    "end": 40,
                    "body": "\u067e\u06c1\u0644\u0627",
                    "entities": []
                }
            ],
            "traits": [],
            "intent": "lesson"
        },
        {
            "text": "\u0628\u0631\u0627\u06c1 \u06a9\u0631\u0645 \u062f\u0633\u0648\u06cc\u06ba \u062c\u0645\u0627\u0639\u062a \u06a9\u06d2 \u0627\u0633\u0644\u0627\u0645\u06cc\u0627\u062a \u06a9\u0627 \u067e\u06c1\u0644\u0627 \u0628\u0627\u0628 \u06a9\u06be\u0648\u0644\u06cc\u06ba",
            "entities": [
                {
                    "entity": "class:class",
                    "start": 9,
                    "end": 14,
                    "body": "\u062f\u0633\u0648\u06cc\u06ba",
                    "entities": []
                },
                {
                    "entity": "sub:sub",
                    "start": 24,
                    "end": 32,
                    "body": "\u0627\u0633\u0644\u0627\u0645\u06cc\u0627\u062a",
                    "entities": []
                },
                {
                    "entity": "chap:chap",
                    "start": 36,
                    "end": 40,
                    "body": "\u067e\u06c1\u0644\u0627",
                    "entities": []
                }
            ],
            "traits": [],
            "intent": "lesson"
        },
        {
            "text": "\u0628\u0631\u0627\u06c1 \u06a9\u0631\u0645 \u062f\u0648\u0633\u0631\u06cc \u062c\u0645\u0627\u0639\u062a \u06a9\u06d2 \u0627\u0633\u0644\u0627\u0645\u06cc\u0627\u062a \u06a9\u0627 \u067e\u06c1\u0644\u0627 \u0628\u0627\u0628 \u06a9\u06be\u0648\u0644\u06cc\u06ba",
            "entities": [
                {
                    "entity": "class:class",
                    "start": 9,
                    "end": 14,
                    "body": "\u062f\u0648\u0633\u0631\u06cc",
                    "entities": []
                },
                {
                    "entity": "sub:sub",
                    "start": 24,
                    "end": 32,
                    "body": "\u0627\u0633\u0644\u0627\u0645\u06cc\u0627\u062a",
                    "entities": []
                },
                {
                    "entity": "chap:chap",
                    "start": 36,
                    "end": 40,
                    "body": "\u067e\u06c1\u0644\u0627",
                    "entities": []
                }
            ],
            "traits": [],
            "intent": "lesson"
        },
        {
            "text": "\u0628\u0631\u0627\u06c1 \u06a9\u0631\u0645 \u0633\u0627\u062a\u0648\u06cc\u06ba \u062c\u0645\u0627\u0639\u062a \u06a9\u06d2 \u0627\u0633\u0644\u0627\u0645\u06cc\u0627\u062a \u06a9\u0627 \u067e\u06c1\u0644\u0627 \u0628\u0627\u0628 \u06a9\u06be\u0648\u0644\u06cc\u06ba",
            "entities": [
                {
                    "entity": "class:class",
                    "start": 9,
                    "end": 15,
                    "body": "\u0633\u0627\u062a\u0648\u06cc\u06ba",
                    "entities": []
                },
                {
                    "entity": "sub:sub",
                    "start": 25,
                    "end": 33,
                    "body": "\u0627\u0633\u0644\u0627\u0645\u06cc\u0627\u062a",
                    "entities": []
                },
                {
                    "entity": "chap:chap",
                    "start": 37,
                    "end": 41,
                    "body": "\u067e\u06c1\u0644\u0627",
                    "entities": []
                }
            ],
            "traits": [],
            "intent": "lesson"
        },
        {
            "text": "\u0628\u0631\u0627\u06c1 \u06a9\u0631\u0645 \u0646\u0648\u06cc\u06ba \u062c\u0645\u0627\u0639\u062a \u06a9\u06d2 \u0627\u0633\u0644\u0627\u0645\u06cc\u0627\u062a \u06a9\u0627 \u067e\u06c1\u0644\u0627 \u0628\u0627\u0628 \u06a9\u06be\u0648\u0644\u06cc\u06ba",
            "entities": [
                {
                    "entity": "class:class",
                    "start": 9,
                    "end": 13,
                    "body": "\u0646\u0648\u06cc\u06ba",
                    "entities": []
                },
                {
                    "entity": "sub:sub",
                    "start": 23,
                    "end": 31,
                    "body": "\u0627\u0633\u0644\u0627\u0645\u06cc\u0627\u062a",
                    "entities": []
                },
                {
                    "entity": "chap:chap",
                    "start": 35,
                    "end": 39,
                    "body": "\u067e\u06c1\u0644\u0627",
                    "entities": []
                }
            ],
            "traits": [],
            "intent": "lesson"
        },
        {
            "text": "\u0628\u0631\u0627\u06c1 \u06a9\u0631\u0645 \u067e\u0627\u0646\u0686\u0648\u06cc\u06ba \u062c\u0645\u0627\u0639\u062a \u06a9\u06d2 \u0627\u0633\u0644\u0627\u0645\u06cc\u0627\u062a \u06a9\u0627 \u067e\u06c1\u0644\u0627 \u0628\u0627\u0628 \u06a9\u06be\u0648\u0644\u06cc\u06ba",
            "entities": [
                {
                    "entity": "class:class",
                    "start": 9,
                    "end": 16,
                    "body": "\u067e\u0627\u0646\u0686\u0648\u06cc\u06ba",
                    "entities": []
                },
                {
                    "entity": "sub:sub",
                    "start": 26,
                    "end": 34,
                    "body": "\u0627\u0633\u0644\u0627\u0645\u06cc\u0627\u062a",
                    "entities": []
                },
                {
                    "entity": "chap:chap",
                    "start": 38,
                    "end": 42,
                    "body": "\u067e\u06c1\u0644\u0627",
                    "entities": []
                }
            ],
            "traits": [],
            "intent": "lesson"
        },
        {
            "text": "\u0628\u0631\u0627\u06c1 \u06a9\u0631\u0645 \u067e\u06c1\u0644\u06cc \u062c\u0645\u0627\u0639\u062a \u06a9\u06d2 \u0627\u0633\u0644\u0627\u0645\u06cc\u0627\u062a \u06a9\u0627 \u067e\u06c1\u0644\u0627 \u0628\u0627\u0628 \u06a9\u06be\u0648\u0644\u06cc\u06ba",
            "entities": [
                {
                    "entity": "class:class",
                    "start": 9,
                    "end": 13,
                    "body": "\u067e\u06c1\u0644\u06cc",
                    "entities": []
                },
                {
                    "entity": "sub:sub",
                    "start": 23,
                    "end": 31,
                    "body": "\u0627\u0633\u0644\u0627\u0645\u06cc\u0627\u062a",
                    "entities": []
                },
                {
                    "entity": "chap:chap",
                    "start": 35,
                    "end": 39,
                    "body": "\u067e\u06c1\u0644\u0627",
                    "entities": []
                }
            ],
            "traits": [],
            "intent": "lesson"
        },
        {
            "text": "\u0628\u0631\u0627\u06c1 \u06a9\u0631\u0645 \u0686\u0648\u062a\u06be\u06cc \u06a9\u0644\u0627\u0633 \u06a9\u06d2 \u0627\u0633\u0644\u0627\u0645\u06cc\u0627\u062a \u06a9\u0627 \u067e\u06c1\u0644\u0627 \u0628\u0627\u0628 \u06a9\u06be\u0648\u0644\u06cc\u06ba",
            "entities": [
                {
                    "entity": "class:class",
                    "start": 9,
                    "end": 14,
                    "body": "\u0686\u0648\u062a\u06be\u06cc",
                    "entities": []
                },
                {
                    "entity": "sub:sub",
                    "start": 23,
                    "end": 31,
                    "body": "\u0627\u0633\u0644\u0627\u0645\u06cc\u0627\u062a",
                    "entities": []
                },
                {
                    "entity": "chap:chap",
                    "start": 35,
                    "end": 39,
                    "body": "\u067e\u06c1\u0644\u0627",
                    "entities": []
                }
            ],
            "traits": [],
            "intent": "lesson"
        },
        {
            "text": "\u0628\u0631\u0627\u06c1 \u06a9\u0631\u0645 \u0686\u06be\u0679\u06cc \u06a9\u0644\u0627\u0633 \u06a9\u06cc \u0631\u06cc\u0627\u0636\u06cc \u06a9\u0627 \u062f\u0648\u0633\u0631\u0627 \u0628\u0627\u0628 \u06a9\u06be\u0648\u0644\u06cc\u06ba",
            "entities": [
                {
                    "entity": "sub:sub",
                    "start": 22,
                    "end": 27,
                    "body": "\u0631\u06cc\u0627\u0636\u06cc",
                    "entities": []
                },
                {
                    "entity": "chap:chap",
                    "start": 31,
                    "end": 36,
                    "body": "\u062f\u0648\u0633\u0631\u0627",
                    "entities": []
                },
                {
                    "entity": "class:class",
                    "start": 9,
                    "end": 13,
                    "body": "\u0686\u06be\u0679\u06cc",
                    "entities": []
                }
            ],
            "traits": [],
            "intent": "lesson"
        },
        {
            "text": "\u0628\u0631\u0627\u06c1 \u06a9\u0631\u0645 \u06a9\u0644\u0627\u0633 9 \u0637\u0628\u06cc\u0639\u06cc\u0627\u062a \u06a9\u0627 \u0628\u0627\u0628 4 \u06a9\u06be\u0648\u0644\u06cc\u06ba",
            "entities": [
                {
                    "entity": "sub:sub",
                    "start": 16,
                    "end": 23,
                    "body": "\u0637\u0628\u06cc\u0639\u06cc\u0627\u062a",
                    "entities": []
                },
                {
                    "entity": "chap:chap",
                    "start": 31,
                    "end": 32,
                    "body": "4",
                    "entities": []
                },
                {
                    "entity": "class:class",
                    "start": 14,
                    "end": 15,
                    "body": "9",
                    "entities": []
                }
            ],
            "traits": [],
            "intent": "lesson"
        },
        {
            "text": "\u062a\u0645 \u06a9\u06cc\u0627 \u06a9\u0631 \u0633\u06a9\u062a\u06d2 \u06c1\u0648",
            "entities": [],
            "traits": [],
            "intent": "intro"
        },
        {
            "text": "\u0633\u0627\u062a\u0648\u06cc\u06ba \u062c\u0645\u0627\u0639\u062a \u06a9\u06d2 \u0645\u0636\u0627\u0645\u06cc\u0646 \u0637\u0628\u06cc\u0639\u06cc\u0627\u062a \u06a9\u0627 \u0628\u0627\u0628 2 \u06a9\u06be\u0648\u0644\u06cc\u06ba",
            "entities": [
                {
                    "entity": "class:class",
                    "start": 0,
                    "end": 6,
                    "body": "\u0633\u0627\u062a\u0648\u06cc\u06ba",
                    "entities": []
                },
                {
                    "entity": "sub:sub",
                    "start": 23,
                    "end": 30,
                    "body": "\u0637\u0628\u06cc\u0639\u06cc\u0627\u062a",
                    "entities": []
                },
                {
                    "entity": "chap:chap",
                    "start": 38,
                    "end": 39,
                    "body": "2",
                    "entities": []
                }
            ],
            "traits": [],
            "intent": "lesson"
        },
        {
            "text": "\u0633\u0627\u062a\u0648\u06cc\u06ba \u062c\u0645\u0627\u0639\u062a \u06a9\u06d2 \u0645\u0636\u0627\u0645\u06cc\u0646 \u0637\u0628\u06cc\u0639\u06cc\u0627\u062a \u06a9\u0627 \u062f\u0648\u0633\u0631\u0627 \u0628\u0627\u0628 \u06a9\u06be\u0648\u0644\u06cc\u06ba",
            "entities": [
                {
                    "entity": "class:class",
                    "start": 0,
                    "end": 6,
                    "body": "\u0633\u0627\u062a\u0648\u06cc\u06ba",
                    "entities": []
                },
                {
                    "entity": "sub:sub",
                    "start": 23,
                    "end": 30,
                    "body": "\u0637\u0628\u06cc\u0639\u06cc\u0627\u062a",
                    "entities": []
                },
                {
                    "entity": "chap:chap",
                    "start": 34,
                    "end": 39,
                    "body": "\u062f\u0648\u0633\u0631\u0627",
                    "entities": []
                }
            ],
            "traits": [],
            "intent": "lesson"
        },
        {
            "text": "\u0645\u062c\u06be\u06d2 \u0627\u067e\u0646\u06d2 \u0628\u0627\u0631\u06d2 \u0645\u06cc\u06ba \u0628\u062a\u0627\u0624",
            "entities": [],
            "traits": [],
            "intent": "intro"
        },
        {
            "text": "\u0645\u06cc\u06ba \u0622\u067e \u06a9\u06d2 \u0628\u0627\u0631\u06d2 \u0645\u06cc\u06ba \u062c\u0627\u0646\u0646\u0627 \u0686\u0627\u06c1\u062a\u0627 \u06c1\u0648\u06ba",
            "entities": [],
            "traits": [],
            "intent": "intro"
        },
        {
            "text": "\u06a9\u0644\u0627\u0633 7 \u06a9\u06d2 \u0645\u0636\u0627\u0645\u06cc\u0646 \u0637\u0628\u06cc\u0639\u06cc\u0627\u062a \u06a9\u0627 \u0628\u0627\u0628 2 \u06a9\u06be\u0648\u0644\u06cc\u06ba",
            "entities": [
                {
                    "entity": "class:class",
                    "start": 5,
                    "end": 6,
                    "body": "7",
                    "entities": []
                },
                {
                    "entity": "sub:sub",
                    "start": 17,
                    "end": 24,
                    "body": "\u0637\u0628\u06cc\u0639\u06cc\u0627\u062a",
                    "entities": []
                },
                {
                    "entity": "chap:chap",
                    "start": 32,
                    "end": 33,
                    "body": "2",
                    "entities": []
                }
            ],
            "traits": [],
            "intent": "lesson"
        },
        {
            "text": "\u06a9\u06cc\u0627 \u0622\u067e \u06a9\u0644\u0627\u0633 9 urdu \u06a9\u06d2 \u0628\u0627\u0628 10 \u06a9\u06be\u0648\u0644 \u0633\u06a9\u062a\u06d2 \u06c1\u06cc\u06ba\u061f",
            "entities": [
                {
                    "entity": "class:class",
                    "start": 12,
                    "end": 13,
                    "body": "9",
                    "entities": []
                },
                {
                    "entity": "sub:sub",
                    "start": 14,
                    "end": 18,
                    "body": "urdu",
                    "entities": []
                },
                {
                    "entity": "chap:chap",
                    "start": 26,
                    "end": 28,
                    "body": "10",
                    "entities": []
                }
            ],
            "traits": [],
            "intent": "lesson"
        },
        {
            "text": "\u06a9\u06cc\u0627 \u0622\u067e \u06a9\u0644\u0627\u0633 9 \u06a9\u06cc\u0645\u0633\u0679\u0631\u06cc \u06a9\u0627 \u0628\u0627\u0628 10 \u06a9\u06be\u0648\u0644 \u0633\u06a9\u062a\u06d2 \u06c1\u06cc\u06ba\u061f",
            "entities": [
                {
                    "entity": "class:class",
                    "start": 12,
                    "end": 13,
                    "body": "9",
                    "entities": []
                },
                {
                    "entity": "sub:sub",
                    "start": 14,
                    "end": 21,
                    "body": "\u06a9\u06cc\u0645\u0633\u0679\u0631\u06cc",
                    "entities": []
                },
                {
                    "entity": "chap:chap",
                    "start": 29,
                    "end": 31,
                    "body": "10",
                    "entities": []
                }
            ],
            "traits": [],
            "intent": "lesson"
        }
    ]
}
