{
    "name": "class",
    "roles": [
        "class"
    ],
    "lookups": [
        "free-text",
        "keywords"
    ],
    "keywords": [
        {
            "keyword": "7",
            "synonyms": [
                "7"
            ]
        },
        {
            "keyword": "9",
            "synonyms": [
                "9"
            ]
        },
        {
            "keyword": "11",
            "synonyms": [
                "11"
            ]
        },
        {
            "keyword": "12",
            "synonyms": [
                "12"
            ]
        },
        {
            "keyword": "\u0622\u0679\u06be\u0648\u06cc\u06ba",
            "synonyms": [
                "\u0622\u0679\u06be\u0648\u06cc\u06ba"
            ]
        },
        {
            "keyword": "\u062a\u06cc\u0633\u0631\u06cc",
            "synonyms": [
                "\u062a\u06cc\u0633\u0631\u06cc"
            ]
        },
        {
            "keyword": "\u062f\u0633\u0648\u06cc\u06ba",
            "synonyms": [
                "\u062f\u0633\u0648\u06cc\u06ba"
            ]
        },
        {
            "keyword": "\u062f\u0648\u0633\u0631\u06cc",
            "synonyms": [
                "\u062f\u0648\u0633\u0631\u06cc"
            ]
        },
        {
            "keyword": "\u0633\u0627\u062a\u0648\u06cc\u06ba",
            "synonyms": [
                "\u0633\u0627\u062a\u0648\u06cc\u06ba"
            ]
        },
        {
            "keyword": "\u0646\u0648\u06cc\u06ba",
            "synonyms": [
                "\u0646\u0648\u06cc\u06ba"
            ]
        },
        {
            "keyword": "\u067e\u0627\u0646\u0686\u0648\u06cc\u06ba",
            "synonyms": [
                "\u067e\u0627\u0646\u0686\u0648\u06cc\u06ba"
            ]
        },
        {
            "keyword": "\u067e\u06c1\u0644\u06cc",
            "synonyms": [
                "\u067e\u06c1\u0644\u06cc"
            ]
        },
        {
            "keyword": "\u0686\u0648\u062a\u06be\u06cc",
            "synonyms": [
                "\u0686\u0648\u062a\u06be\u06cc"
            ]
        },
        {
            "keyword": "\u0686\u06be\u0679\u06cc",
            "synonyms": [
                "\u0686\u06be\u0679\u06cc"
            ]
        }
    ]
}
