{
    "name": "sub",
    "roles": [
        "sub"
    ],
    "lookups": [
        "free-text",
        "keywords"
    ],
    "keywords": [
        {
            "keyword": "urdu",
            "synonyms": [
                "urdu"
            ]
        },
        {
            "keyword": "\u0627\u0633\u0644\u0627\u0645\u06cc\u0627\u062a",
            "synonyms": [
                "\u0627\u0633\u0644\u0627\u0645\u06cc\u0627\u062a"
            ]
        },
        {
            "keyword": "\u0631\u06cc\u0627\u0636\u06cc",
            "synonyms": [
                "\u0631\u06cc\u0627\u0636\u06cc"
            ]
        },
        {
            "keyword": "\u0637\u0628\u06cc\u0639\u06cc\u0627\u062a",
            "synonyms": [
                "\u0637\u0628\u06cc\u0639\u06cc\u0627\u062a"
            ]
        },
        {
            "keyword": "\u06a9\u06cc\u0645\u0633\u0679\u0631\u06cc",
            "synonyms": [
                "\u06a9\u06cc\u0645\u0633\u0679\u0631\u06cc"
            ]
        }
    ]
}
